filename,label
AN01D4153.jpg,AN01D4153
AN01H0908.jpg,AN01H0908
AN01H1689.jpg,AN01H1689
AN01L6155.jpg,AN01L6155
AN01P9687.jpg,AN01P9687
AN01Y9412.jpg,AN01Y9412
AP02BP2454.jpg,AP02BP2454
AP04AS8753.jpg,AP04AS8753
AP04DA4464.jpg,AP04DA4464
AP04M7627.jpg,AP04M7627
AP04P4549.jpg,AP04P4549
AP058Y7799.jpg,AP058Y7799
AP05DY3395.jpg,AP05DY3395
AP07AD5555.jpg,AP07AD5555
AP07AH3915.jpg,AP07AH3915
AP10AS3445.jpg,AP10AS3445
AP16BS4500.jpg,AP16BS4500
AP16DP7065.jpg,AP16DP7065
AP16H9545.jpg,AP16H9545
AP26AM1260.jpg,AP26AM1260
AP28N3107.jpg,AP28N3107
AP31AT5064.jpg,AP31AT5064
AP31BG7827 (2).jpg,AP31BG7827
AP31BL2833.jpg,AP31BL2833
AP31BR9501.jpg,AP31BR9501
AP31CS2511.jpg,AP31CS2511
AP31DA0020.jpg,AP31DA0020
AP31DF2833.jpg,AP31DF2833
AP31DT9378.jpg,AP31DT9378
AP31EF1155.jpg,AP31EF1155
AP31OU7562.jpg,AP31OU7562
AP31TP2282.jpg,AP31TP2282
AP31TV6847.jpg,AP31TV6847
AP31TV7236.jpg,AP31TV7236
AP37EJ2277.jpg,AP37EJ2277
AP39DL3537.jpg,AP39DL3537
AP39E1493.jpg,AP39E1493
AP39GR8492.jpg,AP39GR8492
AP39HZ0087.jpg,AP39HZ0087
AP39JJ5441.jpg,AP39JJ5441
AP39TP0211.jpg,AP39TP0211
AP5CG6320.jpg,AP5CG6320
AR01C5723.jpg,AR01C5723
AR01E10.jpg,AR01E10
AR01F2523.jpg,AR01F2523
AR01J0123.jpg,AR01J0123
AR02A7116.jpg,AR02A7116
AR118724.jpg,AR118724
AR152019.jpg,AR152019
ARG9723.jpg,ARG9723
AS01AL3746.jpg,AS01AL3746
AS01AM1419.jpg,AS01AM1419
AS01AR1986.jpg,AS01AR1986
AS01BF9573.jpg,AS01BF9573
AS01BP2415.jpg,AS01BP2415
AS01BS4362.jpg,AS01BS4362
AS01DG6002.jpg,AS01DG6002
AS01DS7523.jpg,AS01DS7523
AS04X2780.jpg,AS04X2780
AS0620841.jpg,AS0620841
AS06Q4437.jpg,AS06Q4437
AS06U1295.jpg,AS06U1295
AS07AC6653.jpg,AS07AC6653
AS12S5951.jpg,AS12S5951
AS19D9919.jpg,AS19D9919
AS23E0596.jpg,AS23E0596
AS23G2612.jpg,AS23G2612
AS23H2866.jpg,AS23H2866
AS23X5585.jpg,AS23X5585
AS25S6858.jpg,AS25S6858
BL1155.jpg,BL1155
BL12CS7886.jpg,BL12CS7886
BR01AW1250.jpg,BR01AW1250
BR01AZ5290.jpg,BR01AZ5290
BR01BD5042.jpg,BR01BD5042
BR01BE0777.jpg,BR01BE0777
BR01BR5435.jpg,BR01BR5435
BR01PL7594.jpg,BR01PL7594
BR02AF7424.jpg,BR02AF7424
BR06PO0006.jpg,BR06PO0006
BR06U2470.jpg,BR06U2470
BR32PA6558.jpg,BR32PA6558
BR33M0001.jpg,BR33M0001
BR7P3952.jpg,BR7P3952
C608K2057.jpg,C608K2057
CG04FJ5894.jpg,CG04FJ5894
CG04HC4887.jpg,CG04HC4887
CG04HD6930.jpg,CG04HD6930
CG04HV7009.jpg,CG04HV7009
CG07CA7784.jpg,CG07CA7784
CG07MA7848.jpg,CG07MA7848
CG12AG1130.jpg,CG12AG1130
CG16B1802.jpg,CG16B1802
CG22HH7740.jpg,CG22HH7740
CH01AB4559.jpg,CH01AB4559
CH01AF1382.jpg,CH01AF1382
CH01AL4920.jpg,CH01AL4920
CH01AN0001.jpg,CH01AN0001
CH01AP4538.jpg,CH01AP4538
CH01AX9090.jpg,CH01AX9090
CH01BL3528.jpg,CH01BL3528
CH03K7672.jpg,CH03K7672
CHO1AZ2642.jpg,CHO1AZ2642
DL10CG4693.jpg,DL10CG4693
DL10CH1252.jpg,DL10CH1252
DL11CA4900.jpg,DL11CA4900
DL12C3536.jpg,DL12C3536
DL12CJ9823.jpg,DL12CJ9823
DL12CK8643.jpg,DL12CK8643
DL12CN8660.jpg,DL12CN8660
DL1CS8739.jpg,DL1CS8739
DL1CT2782.jpg,DL1CT2782
DL2CH8834.jpg,DL2CH8834
DL3CAY2231.jpg,DL3CAY2231
DL3CAY9324.jpg,DL3CAY9324
DL3CCKX8019.jpg,DL3CCKX8019
DL3CCQ0107.jpg,DL3CCQ0107
DL40NA723.jpg,DL40NA723
DL4CA03231.jpg,DL4CA03231
DL4CAM9066.jpg,DL4CAM9066
DL4CNA7231.jpg,DL4CNA7231
DL5CH7599.jpg,DL5CH7599
DL6CJ84O4.jpg,DL6CJ84O4
DL6CLO457.jpg,DL6CLO457
DL6CM6683 (2).jpg,DL6CM6683
DL6CR7002.jpg,DL6CR7002
DL7CN5617.jpg,DL7CN5617
DL8CAU6883.jpg,DL8CAU6883
DL8CN6308.jpg,DL8CN6308
DL8CX4850.jpg,DL8CX4850
DL8CZ7230.jpg,DL8CZ7230
DL9CAP8884.jpg,DL9CAP8884
DL9CAU4743.jpg,DL9CAU4743
DL9CAU5573.jpg,DL9CAU5573
DL9CAV1739.jpg,DL9CAV1739
DLBCMA5885.jpg,DLBCMA5885
DN0901438.jpg,DN0901438
DN0909704.jpg,DN0909704
DN09C0868.jpg,DN09C0868
DN09D2724.jpg,DN09D2724
DN09H0968.jpg,DN09H0968
DN09H2191.jpg,DN09H2191
G301HS1902.jpg,G301HS1902
G301RM3413.jpg,G301RM3413
GA01R6315.jpg,GA01R6315
GA03Y9512.jpg,GA03Y9512
GA05B5077.jpg,GA05B5077
GA08M0184.jpg,GA08M0184
GAO77150.jpg,GAO77150
GAO7K6030.jpg,GAO7K6030
GJ01HM5887.jpg,GJ01HM5887
GJ01KC9959.jpg,GJ01KC9959
GJ03JL0126.jpg,GJ03JL0126
GJ05JH2501 (2).jpg,GJ05JH2501
GJ06DQ3712.jpg,GJ06DQ3712
GJ06FK2977.jpg,GJ06FK2977
GJ06HS1855.jpg,GJ06HS1855
GJ06PA0097.jpg,GJ06PA0097
GJ09AG8384.jpg,GJ09AG8384
GJ12CG2526.jpg,GJ12CG2526
GJ15CB3980.jpg,GJ15CB3980
GJ15CD0564_2.jpg,GJ15CD0564
GJ15CG7928.jpg,GJ15CG7928
GJ16CH9828.jpg,GJ16CH9828
GJ17TC214.jpg,GJ17TC214
GJ18605216.jpg,GJ18605216
GJO11RN4259.jpg,GJO11RN4259
GJO5RE8119.jpg,GJO5RE8119
GJW115A1138.jpg,GJW115A1138
H01AX3070.jpg,H01AX3070
HD02NPO.jpg,HD02NPO
HP12C3766.jpg,HP12C3766
HP12H1324.jpg,HP12H1324
HP12H7917.jpg,HP12H7917
HP16A2014.jpg,HP16A2014
HP20E3953.jpg,HP20E3953
HP22E8000.jpg,HP22E8000
HP23A6365.jpg,HP23A6365
HP302165.jpg,HP302165
HP34C8986.jpg,HP34C8986
HP36E3330.jpg,HP36E3330
HP38G1539.jpg,HP38G1539
HP4882252.jpg,HP4882252
HP666807.jpg,HP666807
HP719898.jpg,HP719898
HPSX4000.jpg,HPSX4000
HR11F7575.jpg,HR11F7575
HR26AZ5927.jpg,HR26AZ5927
HR26BA8008.jpg,HR26BA8008
HR26BC5514 (3).jpg,HR26BC5514
HR26BP3543 (2).jpg,HR26BP3543
HR26BR9044.jpg,HR26BR9044
HR26BU0375.jpg,HR26BU0375
HR26BU0380.jpg,HR26BU0380
HR26CE1485.jpg,HR26CE1485
HR26CH3604.jpg,HR26CH3604
HR26CK8571.jpg,HR26CK8571
HR26CM6005.jpg,HR26CM6005
HR26CP3135.jpg,HR26CP3135
HR26CR3302.jpg,HR26CR3302
HR26CT4063.jpg,HR26CT4063
HR26CT6702.jpg,HR26CT6702
HR26CT67802.jpg,HR26CT67802
HR26CU6799.jpg,HR26CU6799
HR26DA0471.jpg,HR26DA0471
HR26DA2330.jpg,HR26DA2330
HR26DK6475.jpg,HR26DK6475
HR26TC5656.jpg,HR26TC5656
HR26U7501.jpg,HR26U7501
HR51AY9095.jpg,HR51AY9095
HR99BJ6662.jpg,HR99BJ6662
KA01D1330.jpg,KA01D1330
KA031351.jpg,KA031351
KA03MG2784.jpg,KA03MG2784
KA03NA8385.jpg,KA03NA8385
KA04MN3622.jpg,KA04MN3622
KA21M5519.jpg,KA21M5519
KA29Z999.jpg,KA29Z999
KA51AA3469.jpg,KA51AA3469
KA51MJ2143.jpg,KA51MJ2143
KA51MJ8156.jpg,KA51MJ8156
KA51Z2727.jpg,KA51Z2727
KL01AX8000.jpg,KL01AX8000
KL01CA2555 (2).jpg,KL01CA2555
KL01CC50.jpg,KL01CC50
KL01KL0KL01.jpg,KL01KL0KL01
KL01KL0KLO1.jpg,KL01KL0KLO1
KL05AK3300.jpg,KL05AK3300
KL07BF2007.jpg,KL07BF2007
KL07BF5000.jpg,KL07BF5000
KL07CB8599 (2).jpg,KL07CB8599
KL09AL9405.jpg,KL09AL9405
KL10AV6342 (2).jpg,KL10AV6342
KL10AV6633 (2).jpg,KL10AV6633
KL10AW2111 (2).jpg,KL10AW2111
KL10AW2814 (2).jpg,KL10AW2814
KL12G7531 (2).jpg,KL12G7531
KL13AA6340.jpg,KL13AA6340
KL16J36366.jpg,KL16J36366
KL20K7561.jpg,KL20K7561
KL25B2001.jpg,KL25B2001
KL43B2344.jpg,KL43B2344
KL454455.jpg,KL454455
KL49H5270.jpg,KL49H5270
KL53E964.jpg,KL53E964
KL54A2670.jpg,KL54A2670
KL54H369.jpg,KL54H369
KL55R2473.jpg,KL55R2473
KL5A111.jpg,KL5A111
KL60N5344 (2).jpg,KL60N5344
KL7BZ99.jpg,KL7BZ99
KR04ME9869.jpg,KR04ME9869
MH013Y9066.jpg,MH013Y9066
MH01AE8017.jpg,MH01AE8017
MH01AH8495_1.jpg,MH01AH8495
MH01AL9693.jpg,MH01AL9693
MH01AM5810.jpg,MH01AM5810
MH01AM7014.jpg,MH01AM7014
MH01AR5274.jpg,MH01AR5274
MH01AU0059.jpg,MH01AU0059
MH01AV7461-1.jpg,MH01AV7461
MH01AV8814.jpg,MH01AV8814
MH01AV8866.jpg,MH01AV8866
MH01AX3070_1.jpg,MH01AX3070
MH01BD2186.jpg,MH01BD2186
MH01BG7161.jpg,MH01BG7161
MH01BM4824_1.jpg,MH01BM4824
MH01BU1852.jpg,MH01BU1852
MH01BU5207.jpg,MH01BU5207
MH01BY7658.jpg,MH01BY7658
MH01CP2655.jpg,MH01CP2655
MH01CR7388 (2).jpg,MH01CR7388
MH01CT1710.jpg,MH01CT1710
MH01CT9150.jpg,MH01CT9150
MH01CV6333.jpg,MH01CV6333
MH01CY9311 (2).jpg,MH01CY9311
MH01DB1477.jpg,MH01DB1477
MH01DB2561.jpg,MH01DB2561
MH01DM4824.jpg,MH01DM4824
MH01DP0323.jpg,MH01DP0323
MH01DP5662.jpg,MH01DP5662
MH01DT1917.jpg,MH01DT1917
MH01DX4867.jpg,MH01DX4867
MH01JA8939.jpg,MH01JA8939
MH02AJ344.jpg,MH02AJ344
MH02AK5481.jpg,MH02AK5481
MH02AQ2299_1.jpg,MH02AQ2299
MH02BG9542.jpg,MH02BG9542
MH02BJ2456.jpg,MH02BJ2456
MH02BM5048.jpg,MH02BM5048
MH02BQ9628.jpg,MH02BQ9628
MH02BR6503.jpg,MH02BR6503
MH02BT0050 (2).jpg,MH02BT0050
MH02BT6482 (11).jpg,MH02BT6482
MH02CB4545.jpg,MH02CB4545
MH02CD3654 (2).jpg,MH02CD3654
MH02CL4017 (2).jpg,MH02CL4017
MH02CR8276.jpg,MH02CR8276
MH02CT2727.jpg,MH02CT2727
MH02DJ4903.jpg,MH02DJ4903
MH02DJ8952.jpg,MH02DJ8952
MH02DN8718.jpg,MH02DN8718
MH02DQ0196_1.jpg,MH02DQ0196
MH02DS3099 (2).jpg,MH02DS3099
MH02DS4676.jpg,MH02DS4676
MH02DS9365 (10).jpg,MH02DS9365
MH02DW8021.jpg,MH02DW8021
MH02EE6842.jpg,MH02EE6842
MH02EE8407 (3).jpg,MH02EE8407
MH02EK0837.jpg,MH02EK0837
MH02EK4399.jpg,MH02EK4399
MH02EN6828.jpg,MH02EN6828
MH02EP4454.jpg,MH02EP4454
MH02EP5740.jpg,MH02EP5740
MH02ER9194 (2).jpg,MH02ER9194
MH02EU4077 (2).jpg,MH02EU4077
MH02EU4884 (2).jpg,MH02EU4884
MH02EX4399 (2).jpg,MH02EX4399
MH02EZ2599.jpg,MH02EZ2599
MH02EZ5482.jpg,MH02EZ5482
MH02FD6534.jpg,MH02FD6534
MH02FN2783.jpg,MH02FN2783
MH02MA5324.jpg,MH02MA5324
MH02WAB344.jpg,MH02WAB344
MH030U5196.jpg,MH030U5196
MH03AM3025.jpg,MH03AM3025
MH03AR5549.jpg,MH03AR5549
MH03AR7140.jpg,MH03AR7140
MH03AT3856.jpg,MH03AT3856
MH03BS4060.jpg,MH03BS4060
MH03BS406_1.jpg,MH03BS406
MH03BS7778 (2).jpg,MH03BS7778
MH03BS8519.jpg,MH03BS8519
MH03CB0229.jpg,MH03CB0229
MH03CP1328.jpg,MH03CP1328
MH03CS6266.jpg,MH03CS6266
MH03DA4505.jpg,MH03DA4505
MH03DK2961.jpg,MH03DK2961
MH03DU5196.jpg,MH03DU5196
MH03DV2010.jpg,MH03DV2010
MH03EC6247.jpg,MH03EC6247
MH04CT3566_1.jpg,MH04CT3566
MH04DW8351 (2).jpg,MH04DW8351
MH04DW9020.jpg,MH04DW9020
MH04EX7505_1.jpg,MH04EX7505
MH04GM7982 (2).jpg,MH04GM7982
MH04HM4154_2.jpg,MH04HM4154
MH04HP6100.jpg,MH04HP6100
MH04JL5547_1.jpg,MH04JL5547
MH04JM8262.jpg,MH04JM8262
MH04JMM3383.jpg,MH04JMM3383
MH05DK1018.jpg,MH05DK1018
MH05DS8679.jpg,MH05DS8679
MH06AW8929.jpg,MH06AW8929
MH06AZ3571.jpg,MH06AZ3571
MH12BG7237.jpg,MH12BG7237
MH12DE1433 (2).jpg,MH12DE1433
MH12FT9458.jpg,MH12FT9458
MH12FU1014.jpg,MH12FU1014
MH12JC2813.jpg,MH12JC2813
MH12RT1105.jpg,MH12RT1105
MH12SF3212 (2).jpg,MH12SF3212
MH143AL8464.jpg,MH143AL8464
MH14DT8831.jpg,MH14DT8831
MH14DX9938 (2).jpg,MH14DX9938
MH14EH5819.jpg,MH14EH5819
MH14EH7958 (2).jpg,MH14EH7958
MH14EP4660.jpg,MH14EP4660
MH14EU3498.jpg,MH14EU3498
MH14F55229.jpg,MH14F55229
MH14FM6930.jpg,MH14FM6930
MH14TC947.jpg,MH14TC947
MH14TCF460__.jpg,MH14TCF460
MH20BN3525 (2).jpg,MH20BN3525
MH20BQ20.jpg,MH20BQ20
MH20BY3665 (2).jpg,MH20BY3665
MH20BY4465.jpg,MH20BY4465
MH20CS1938.jpg,MH20CS1938
MH20CS1941 (2).jpg,MH20CS1941
MH20CS4946.jpg,MH20CS4946
MH20DJ0419.jpg,MH20DJ0419
MH20DV2362 (2).jpg,MH20DV2362
MH20EE045.jpg,MH20EE045
MH20EE0943 (2).jpg,MH20EE0943
MH20EE7597.jpg,MH20EE7597
MH20EE7598 (2).jpg,MH20EE7598
MH20EJ0364.jpg,MH20EJ0364
MH21V9926.jpg,MH21V9926
MH43AF5037.jpg,MH43AF5037
MH43BK9513.jpg,MH43BK9513
MH43BP8173.jpg,MH43BP8173
MH43BU2401.jpg,MH43BU2401
MH46AD5258.jpg,MH46AD5258
MH46BV0688.jpg,MH46BV0688
MH46X9996.jpg,MH46X9996
MH47AG4326.jpg,MH47AG4326
MH47AU1306 (2).jpg,MH47AU1306
MH47AV6753.jpg,MH47AV6753
MH47N2829.jpg,MH47N2829
MH47Q5851.jpg,MH47Q5851
MH47Y0205.jpg,MH47Y0205
MH47Y1124_10.jpg,MH47Y1124
MK20TC1898.jpg,MK20TC1898
NH01AX3070.jpg,NH01AX3070
PB08CX2959 (2).jpg,PB08CX2959
PO11AG0774 (2).jpg,PO11AG0774
RJ02CC0784.jpg,RJ02CC0784
RJ27TC0530 (2).jpg,RJ27TC0530
TN-21AU7234.jpg,TN21AU7234
TN02BL9.jpg,TN02BL9
TN07BU5427 (2).jpg,TN07BU5427
TN07BV5200.jpg,TN07BV5200
TN09CH7770.jpg,TN09CH7770
TN19S4523.jpg,TN19S4523
TN19TC94.jpg,TN19TC94
TN21AT0479.jpg,TN21AT0479
TN21AT0480.jpg,TN21AT0480
TN21BC6225.jpg,TN21BC6225
TN21BY0166.jpg,TN21BY0166
TN21BZ0768.jpg,TN21BZ0768
TN21BZ6766.jpg,TN21BZ6766
TN21TC31.jpg,TN21TC31
TN28BA9999__.jpg,TN28BA9999
TN37CR4019.jpg,TN37CR4019
TN38BW1139 (2).jpg,TN38BW1139
TN38BY4191.jpg,TN38BY4191
TN42R2697 (2).jpg,TN42R2697
TN45BA1065.jpg,TN45BA1065
TN52U1580.jpg,TN52U1580
TN58AM1 (2).jpg,TN58AM1
TN59AQ1515.jpg,TN59AQ1515
TN59BE0932.jpg,TN59BE0932
TN66T5836_1.jpg,TN66T5836
TN74AL5074.jpg,TN74AL5074
TN74F3339.jpg,TN74F3339
TN74F3399.jpg,TN74F3399
TN99F2378.jpg,TN99F2378
TS08ER1643.jpg,TS08ER1643
UP14AF3804.jpg,UP14AF3804
UP14AX9754.jpg,UP14AX9754
UP16CT2233.jpg,UP16CT2233
UP16TC1366.jpg,UP16TC1366
UP27Z7322.jpg,UP27Z7322
UP32FH2653 (2).jpg,UP32FH2653
UP32HY6077.jpg,UP32HY6077
UP50AS4535.jpg,UP50AS4535
UP52AH9705.jpg,UP52AH9705
UP70ET7816.jpg,UP70ET7816
UP78ED0449.jpg,UP78ED0449
UP80CR00.jpg,UP80CR00
WB02AA5580.jpg,WB02AA5580
WB02AD3017.jpg,WB02AD3017
WB02AD4162.jpg,WB02AD4162
WB02AH4655.jpg,WB02AH4655
WB02AJ4534.jpg,WB02AJ4534
WB02AM8548.jpg,WB02AM8548
WB02X8795.jpg,WB02X8795
WB06G4120.jpg,WB06G4120
WB06H2237.jpg,WB06H2237
WB06J2192.jpg,WB06J2192
WB06J4432.jpg,WB06J4432
WB06J9177.jpg,WB06J9177
WB08A4101.jpg,WB08A4101
WB12AX2987.jpg,WB12AX2987
WB171717.jpg,WB171717
WB20AG9041.jpg,WB20AG9041
WB20H0271.jpg,WB20H0271
WB26K7760.jpg,WB26K7760
WB26T6688.jpg,WB26T6688
WB70G3763.jpg,WB70G3763
WB74X7605.jpg,WB74X7605
AP2408032.jpg,AP2408032
HP40B8992.jpg,HP40B8992
HP54C6564.jpg,HP54C6564
HP64B3380.jpg,HP64B3380
HR01H4731.jpg,HR01H4731
HR01W0080.jpg,HR01W0080
HR09G8378.jpg,HR09G8378
HR10AE9885.jpg,HR10AE9885
HR20X8432.jpg,HR20X8432
HR26BQ8176.jpg,HR26BQ8176
HR26BY4812.jpg,HR26BY4812
HR26CC7676.jpg,HR26CC7676
HR26DJ8832.jpg,HR26DJ8832
HR26DM2296.jpg,HR26DM2296
HR29A04939.jpg,HR29A04939
HR29AS0015.jpg,HR29AS0015
HR29W8286.jpg,HR29W8286
HR42B1329.jpg,HR42B1329
HR51AQ0911.jpg,HR51AQ0911
HR51BU8218.jpg,HR51BU8218
HR56B2626.jpg,HR56B2626
JH018U9956.jpg,JH018U9956
JH01AM0100.jpg,JH01AM0100
JH01AM2354.jpg,JH01AM2354
JH01AR2011.jpg,JH01AR2011
JH01BC5210.jpg,JH01BC5210
JH01BX0013.jpg,JH01BX0013
JH01DB1881.jpg,JH01DB1881
JH02AD2533.jpg,JH02AD2533
JH04C7104.jpg,JH04C7104
JH05S3291.jpg,JH05S3291
JH05Y9636.jpg,JH05Y9636
JH08AA2570.jpg,JH08AA2570
JH08C0625.jpg,JH08C0625
JH10BV1496.jpg,JH10BV1496
JH10S5378.jpg,JH10S5378
JK0108354.jpg,JK0108354
JK01AD3147.jpg,JK01AD3147
JK01AF0310.jpg,JK01AF0310
JK01AF7715.jpg,JK01AF7715
JK01AL4613.jpg,JK01AL4613
JK01K4723.jpg,JK01K4723
JK01R8021.jpg,JK01R8021
JK02AG2454.jpg,JK02AG2454
JK02AJ1525.jpg,JK02AJ1525
JK02AK8967.jpg,JK02AK8967
JK02AS3888.jpg,JK02AS3888
JK02BJ4045.jpg,JK02BJ4045
JK02BK3088.jpg,JK02BK3088
JK02BL1212.jpg,JK02BL1212
JK02W2657.jpg,JK02W2657
JK03D7750.jpg,JK03D7750
JK05H3594.jpg,JK05H3594
JK072483.jpg,JK072483
JK09B7745.jpg,JK09B7745
JK10A4638.jpg,JK10A4638
JK10A5217.jpg,JK10A5217
JK10B2313.jpg,JK10B2313
JK11B2360.jpg,JK11B2360
JK11B4928.jpg,JK11B4928
JK127959.jpg,JK127959
JK13C4452.jpg,JK13C4452
KA01MB9714.jpg,KA01MB9714
KA01MG1660.jpg,KA01MG1660
KA02MF3336.jpg,KA02MF3336
KA03HQ6984.jpg,KA03HQ6984
KA03MQ6984.jpg,KA03MQ6984
KA03NC7167.jpg,KA03NC7167
KA04MG7528.jpg,KA04MG7528
KA04MK0368.jpg,KA04MK0368
KA04MK312.jpg,KA04MK312
KA05MF1762.jpg,KA05MF1762
KA19MF1763.jpg,KA19MF1763
KA25P5080.jpg,KA25P5080
KA28M3589.jpg,KA28M3589
KA38M8037.jpg,KA38M8037
KA51D9662.jpg,KA51D9662
KA51ML4025.jpg,KA51ML4025
KA53P7604.jpg,KA53P7604
KL03S6394.jpg,KL03S6394
KL07BU7707.jpg,KL07BU7707
KL41M83.jpg,KL41M83
KL43D4444.jpg,KL43D4444
KL43G6619.jpg,KL43G6619
KL46B3613.jpg,KL46B3613
LA020749.jpg,LA020749
MH01BT7906.jpg,MH01BT7906
MH04DR8508.jpg,MH04DR8508
MH04HF5092.jpg,MH04HF5092
MH05BS3471.jpg,MH05BS3471
MH05EQ4066.jpg,MH05EQ4066
MH06AB8630.jpg,MH06AB8630
MH11CQ8516.jpg,MH11CQ8516
MH12GR862.jpg,MH12GR862
MH12HF5057.jpg,MH12HF5057
MH12HN4507.jpg,MH12HN4507
MH12KN8366.jpg,MH12KN8366
MH12MF6822.jpg,MH12MF6822
MH36H5700.jpg,MH36H5700
MH47M0712.jpg,MH47M0712
MH72KY6921.jpg,MH72KY6921
ML04C0056.jpg,ML04C0056
ML04C4738.jpg,ML04C4738
ML0563550.jpg,ML0563550
ML0565474.jpg,ML0565474
ML05C5383.jpg,ML05C5383
ML05D0571.jpg,ML05D0571
ML05F6894.jpg,ML05F6894
ML05G6098.jpg,ML05G6098
ML05H6564.jpg,ML05H6564
ML05J3288.jpg,ML05J3288
ML05J8950.jpg,ML05J8950
ML05L1434.jpg,ML05L1434
ML05L5154.jpg,ML05L5154
ML05Q8790.jpg,ML05Q8790
ML05R1934.jpg,ML05R1934
ML064696.jpg,ML064696
ML068346.jpg,ML068346
ML069642.jpg,ML069642
ML06A1659.jpg,ML06A1659
ML087084.jpg,ML087084
ML08B1100.jpg,ML08B1100
ML08C8061.jpg,ML08C8061
ML10B4503.jpg,ML10B4503
ML10B9308.jpg,ML10B9308
ML111909.jpg,ML111909
ML137827.jpg,ML137827
MN01G5395.jpg,MN01G5395
MN01K5346.jpg,MN01K5346
MN05A6028.jpg,MN05A6028
MN06LA0861.jpg,MN06LA0861
MP009CQ9712.jpg,MP009CQ9712
MP04CL3546.jpg,MP04CL3546
MP04CL8840.jpg,MP04CL8840
MP07CA5563.jpg,MP07CA5563
MP08CA6293.jpg,MP08CA6293
MP09BD1270.jpg,MP09BD1270
MP09CK4943.jpg,MP09CK4943
MP30TA0919.jpg,MP30TA0919
MP43G0872.jpg,MP43G0872
MP65C0654.jpg,MP65C0654
MZ0169825.jpg,MZ0169825
NL01C8433.jpg,NL01C8433
NL02C9593.jpg,NL02C9593
NL0710937.jpg,NL0710937
NL07CA7631.jpg,NL07CA7631
OD021481.jpg,OD021481
OD02BY0701.jpg,OD02BY0701
OD02L4656.jpg,OD02L4656
OD02V0007.jpg,OD02V0007
OD052323.jpg,OD052323
OD05AC0422_1.jpg,OD05AC0422
OD05AN4494.jpg,OD05AN4494
OD05K6964.jpg,OD05K6964
OD11P6123.jpg,OD11P6123
OD14E3131.jpg,OD14E3131
OD14R7432.jpg,OD14R7432
OD2239911.jpg,OD2239911
OD25P7400.jpg,OD25P7400
OD33L2616.jpg,OD33L2616
ODO5Y5787.jpg,ODO5Y5787
OR05AC0422.jpg,OR05AC0422
OR08F1001.jpg,OR08F1001
OR14U8730.jpg,OR14U8730
PB02DY7380.jpg,PB02DY7380
PB04T0678.jpg,PB04T0678
PB06AN6162.jpg,PB06AN6162
PB07BL8058.jpg,PB07BL8058
PB08BF6160.jpg,PB08BF6160
PB08CQ3690.jpg,PB08CQ3690
PB08DY4824.jpg,PB08DY4824
PB0AS4253.jpg,PB0AS4253
PB10CK5005.jpg,PB10CK5005
PB10DV5354.jpg,PB10DV5354
PB10EE0888.jpg,PB10EE0888
PB10EH0164.jpg,PB10EH0164
PB11BG7347.jpg,PB11BG7347
PB11BN6101.jpg,PB11BN6101
PB13AF6756.jpg,PB13AF6756
PB23S8600.jpg,PB23S8600
PB30L5010.jpg,PB30L5010
PB31R8123.jpg,PB31R8123
PB32OC7299.jpg,PB32OC7299
PB37A8269.jpg,PB37A8269
PB65AN2583.jpg,PB65AN2583
PBI0CQ0006.jpg,PBI0CQ0006
PY01AH9067.jpg,PY01AH9067
PY01AP0555.jpg,PY01AP0555
PY01AW2814.jpg,PY01AW2814
PY01BD9020.jpg,PY01BD9020
PY01BU2406.jpg,PY01BU2406
PY01CG2929.jpg,PY01CG2929
PY01CM5400.jpg,PY01CM5400
PY01CM9549.jpg,PY01CM9549
PY01CY2442.jpg,PY01CY2442
PY01Q7947.jpg,PY01Q7947
PY02L4602.jpg,PY02L4602
PY055353.jpg,PY055353
PY05A8339.jpg,PY05A8339
RJ14CM3730.jpg,RJ14CM3730
RJ14CW4115.jpg,RJ14CW4115
RJ20CD5118.jpg,RJ20CD5118
RJ20UB0137.jpg,RJ20UB0137
RJ23CB2272.jpg,RJ23CB2272
RJ23CB4320.jpg,RJ23CB4320
SK01PA2969.jpg,SK01PA2969
SK01PA5349.jpg,SK01PA5349
SK01PB3596.jpg,SK01PB3596
SK01T3794.jpg,SK01T3794
SK01T3835.jpg,SK01T3835
SK01T8791.jpg,SK01T8791
SK02P1078.jpg,SK02P1078
SK02P3471.jpg,SK02P3471
SK04P1320.jpg,SK04P1320
SK05T0338.jpg,SK05T0338
TN07AP0659.jpg,TN07AP0659
TN07BT5778.jpg,TN07BT5778
TN19F0816.jpg,TN19F0816
TN19Q0835.jpg,TN19Q0835
TN47T4464.jpg,TN47T4464
TN63BY7954.jpg,TN63BY7954
TN69AJ4455.jpg,TN69AJ4455
TN76V1978.jpg,TN76V1978
TR01AS0609.jpg,TR01AS0609
TR01BG0365.jpg,TR01BG0365
TR01E2157.jpg,TR01E2157
TR01N0481.jpg,TR01N0481
TR01X0482.jpg,TR01X0482
TR02L0569.jpg,TR02L0569
TR03H0259.jpg,TR03H0259
TR05B0308.jpg,TR05B0308
TR07D0569.jpg,TR07D0569
TS07EL3335.jpg,TS07EL3335
TS08EZ9463.jpg,TS08EZ9463
TS08FQ1262.jpg,TS08FQ1262
TS08FZ8298.jpg,TS08FZ8298
TS09EG6565.jpg,TS09EG6565
TS09EZ9293.jpg,TS09EZ9293
TS09UA7948.jpg,TS09UA7948
TS13EK6213.jpg,TS13EK6213
TS15ES0894.jpg,TS15ES0894
TS18T3899.jpg,TS18T3899
TS21J8351.jpg,TS21J8351
TS36H6578.jpg,TS36H6578
UK06CB4595.jpg,UK06CB4595
UK06J3953.jpg,UK06J3953
UK07AA2432.jpg,UK07AA2432
UK07AM5665.jpg,UK07AM5665
UK07BK5014.jpg,UK07BK5014
UK07QS5788.jpg,UK07QS5788
UK08W2276.jpg,UK08W2276
UK106679.jpg,UK106679
UP14AK8604.jpg,UP14AK8604
UP14CV7920.jpg,UP14CV7920
UP16AJ0704.jpg,UP16AJ0704
UP16U3849.jpg,UP16U3849
UP23K0008.jpg,UP23K0008
UP32EC5577.jpg,UP32EC5577
UP32KW7325.jpg,UP32KW7325
UP45Q3028.jpg,UP45Q3028
UP53AK1161.jpg,UP53AK1161
UP78DB3730.jpg,UP78DB3730
UP79L0567.jpg,UP79L0567
UP85BN4203.jpg,UP85BN4203
DL12CG6648___.jpg,DL12CG6648
DL13S0155___.jpg,DL13S0155
DL14CTC0153___.jpg,DL14CTC0153
DL6CAB123X_1___.jpg,DL6CAB123X
DL6CAB___.jpg,DL6CAB
GJ01MW7581_1___.jpg,GJ01MW7581
GJ05JD9759___.jpg,GJ05JD9759
HP896786_1___.jpg,HP896786
HR26CF5868___.jpg,HR26CF5868
HR26DA5443___.jpg,HR26DA5443
HR26DG6167___.jpg,HR26DG6167
HR26TC7303___.jpg,HR26TC7303
KA01MA6989___.jpg,KA01MA6989
KA03AB3380___.jpg,KA03AB3380
KA05HS4495___.jpg,KA05HS4495
KA18P2587___.jpg,KA18P2587
KA19TR0220102011___.jpg,KA19TR0220102011
KA42TC131011___.jpg,KA42TC131011
KH14EY5972___.jpg,KH14EY5972
KL01KLKL01___.jpg,KL01KLKL01
KL02AF6363___.jpg,KL02AF6363
KL04AL9405___.jpg,KL04AL9405
KL06H5834___.jpg,KL06H5834
KL16J3636___.jpg,KL16J3636
KL38F5008___.jpg,KL38F5008
KL63C8800___.jpg,KL63C8800
KL65H4385___.jpg,KL65H4385
MH02BK9793___.jpg,MH02BK9793
MH03CB6467___.jpg,MH03CB6467
MH14GN9239___.jpg,MH14GN9239
MH14TC206AN___.jpg,MH14TC206AN
MH14TCD204___.jpg,MH14TCD204
MH14TCE4___.jpg,MH14TCE4
MH14TCF300___.jpg,MH14TCF300
MH15TC554_1___.jpg,MH15TC554
MH20CS9817___.jpg,MH20CS9817
MH20EU9991___.jpg,MH20EU9991
MP09CP9052___.jpg,MP09CP9052
PAJEROSPORT___.jpg,PAJEROSPORT
PB03AGT8979___.jpg,PB03AGT8979
RJ27TA1113___.jpg,RJ27TA1113
TN02TC0143___.jpg,TN02TC0143
TN19H3322___.jpg,TN19H3322
TN19TC91___.jpg,TN19TC91
TN21AT0492_1___.jpg,TN21AT0492
TN21TC611___.jpg,TN21TC611
TN43J01538___.jpg,TN43J01538
TN59BE0939___.jpg,TN59BE0939
TN66U8215___.jpg,TN66U8215
TN74AH1413___.jpg,TN74AH1413
TS09EB1458___.jpg,TS09EB1458
UK07BA7252___.jpg,UK07BA7252
WB06F9209_1___.jpg,WB06F9209
WB07D5106___.jpg,WB07D5106
